{"ma_trader": {"float": ["beta", "gamma"], "beta": 1.5003844503742965, "gamma": 0.052710930000000002, "alpha": 36, "integer": ["alpha"], "donottrade": ["XXDG", "XXLM", "XDAO"]}, "standard_trader": 0, "basic_trader": {"alpha": 0.09680870950688335, "beta": 0.0006854641562708591}}