{"ma_trader": {"float": ["beta", "gamma", "delta"], "beta": 1.8003844503742965, "gamma": 0.061030930000000011,"delta":0.1, "alpha": 15, "integer": ["alpha"], "donottrade": ["XXDG", "XXLM", "XDAO","XXRP"]}, "standard_trader": 0, "basic_trader": {"alpha": 0.09680870950688335, "beta": 0.0006854641562708591}}