{"ma_trader": {"alpha": 26.00001, "beta": 5.000014425738077, "gamma": 0.051009990206373285}, "standard_trader": 0, "basic_trader": {"alpha": 0.09680870950688335, "beta": 0.0006854641562708591}}