{"ma_trader": {"alpha": 30.000109999999999, "beta": 2.87121593286987009, "gamma": 0.081072256800604947}, "standard_trader": 0, "basic_trader": {"alpha": 0.09680870950688335, "beta": 0.0006854641562708591}}