{"ma_trader": {"float": ["beta", "gamma"], "beta": 1.8003844503742965, "donottrade": ["XXDG", "XXLM", "XDAO", "XXRP"], "integer": ["alpha"], "delta": 0.05, "alpha": 15, "gamma": 0.063030930000000013}, "standard_trader": 0, "basic_trader": {"alpha": 0.09680870950688335, "beta": 0.0006854641562708591}}