{"ma_trader": {"float": ["beta", "gamma"], "beta": 1.8003844503742965, "gamma": 0.061030930000000011,"delta":0.05, "alpha": 35, "integer": ["alpha"], "donottrade": ["XXDG", "XXLM", "XDAO"]}, "standard_trader": 0, "basic_trader": {"alpha": 0.09680870950688335, "beta": 0.0006854641562708591}}