{"ma_trader": {"float": ["beta", "gamma", "delta"], "beta": 1.8003844503742965, "donottrade": ["XXDG", "XXLM", "XDAO", "XXRP"], "integer": ["alpha"], "delta": 0.1 , "alpha": 15, "gamma": 0.061030930000000011}, "standard_trader": 0, "basic_trader": {"alpha": 0.09680870950688335, "beta": 0.0006854641562708591}}
